{
  "description": {
    "title": "O Comprei Eletrônicos ",
    "text": "Eletrônicos nacionais e importados, receptores de tv e acessórios de alta qualidade para todos."
  },
  "links_1": {
    "list_pages": true,
    "title": "Páginas",
    "list": []
  },
  "links_2": {
    "list_categories": true,
    "title": "Categorias",
    "list": []
  },
  "contacts": {
    "title": "Contatos",
    "phone_wpp": true,
    "socials": true,
    "email": true,
    "address": true
  },
  "stamps": [
    {
      "src": "/img/uploads/google-report.png",
      "link": "https://transparencyreport.google.com/safe-browsing/search?url=www.ocomprei.com&hl=pt_BR"
    },
    {
      "src": "/img/uploads/selo-seguro-certificado-ssl-300x144.png"
    }
  ],
  "payment_methods": {
    "bb": false,
    "visa": true,
    "boleto": false,
    "aura": false,
    "banrisul": false,
    "elo": true,
    "hipercard": true,
    "hsbc": false,
    "bradesco": false,
    "santander": false,
    "mastercard": true,
    "paypal": false,
    "citibank": false,
    "hiper": false,
    "diners": false,
    "mais": false,
    "pix": true,
    "amex": false,
    "itau": false
  },
  "credits": ""
}