{
  "marketing_stripe": {
    "text": "Parcelamento em até 5X Sem Juros | 10% Off via PIX ",
    "link": ""
  },
  "contacts_stripe": {
    "pages": [
      {
        "title": "Sobre nós",
        "link": "/pages/sobre-nos"
      }
    ],
    "phone_wpp": true,
    "socials": true
  },
  "categories_list": {
    "featured": [],
    "random": 6,
    "full_width": false
  },
  "search_input": true,
  "desktop_megamenu": true,
  "centralized_logo": true,
  "alphabetical_order_submenu": true,
  "full_width_submenu": true
}