{
  "meta_title": "O Comprei | Loja de Receptores e Eletrônicos.",
  "meta_description": "Ocomprei, Parcelamento em até 5X Sem Juros, 10% de Desconto Avista. Envio Nacional.",
  "sections": [
    {
      "type": "banner-slider",
      "autoplay": 6000,
      "slides": [
        {
          "start": "2023-07-27T13:35:43.486Z",
          "end": "",
          "img": "/img/uploads/estoque-fast-tv-box.png",
          "link": "https://ocomprei.com/iptv--tv-box-so-internet"
        },
        {
          "start": "2022-01-24T16:29:46.289Z",
          "end": "",
          "img": "/img/uploads/futeboltec.png",
          "link": "https://ocomprei.com/receptores-acm"
        },
        {
          "start": "2022-01-24T16:09:25.939Z",
          "end": "",
          "img": "/img/uploads/iptv-correto.png",
          "link": "https://ocomprei.com/iptv--tv-box-so-internet"
        }
      ],
      "full_width": true
    },
    {
      "type": "info-bar",
      "enabled": true
    },
    {
      "type": "custom-html",
      "html": " <div class=\"banner-centro\">\n\t<div class=\"container\">\n\t\t<div class=\"mini-banner\">\n\t\t\t<a href=\"#\">\n\t\t\t\t<img src=\"/img/uploads/mini1.jpg\">\n\t\t\t</a>\n\t\t</div>\n\t\t<div class=\"mini-banner\">\n\t\t\t<a href=\"#\">\n\t\t\t\t<img src=\"/img/uploads/mini2.jpg\">\n\t\t\t</a>\n\t\t</div>\n\t</div>\n</div>"
    },
    {
      "type": "collection-shelf",
      "shuffle": true,
      "collection_id": "64653246a0e875411e92118f:categories:Games:/games",
      "limit": 23,
      "page": 1
    },
    {
      "type": "collection-shelf",
      "shuffle": true,
      "limit": 8,
      "page": 1,
      "collection_id": "64629042a0e875411e8eb75a:categories:TV Programação:/tv-programacao"
    },
    {
      "type": "collection-shelf",
      "shuffle": true,
      "limit": 12,
      "page": 1,
      "collection_id": "6462e8b5a0e875411e8f126b:categories:IPTV | TV BOX (SÓ INTERNET):/iptv--tv-box-so-internet"
    },
    {
      "type": "responsive-banner",
      "img": "/img/uploads/1e554ykqtld4ie9sz.jpeg",
      "link": "https://ocomprei.com/tv-programacao"
    },
    {
      "type": "brands-carousel",
      "limit": 48,
      "offset": 0,
      "autoplay": 0,
      "sort": "name"
    }
  ]
}